id,first_name,last_name,user_name,password,gender,phone_no,date_of_joining
1,Rosalinda,Argue,rargue0,6rYfubJunBG,O1,560-445-6860,11/3/2020
2,Rodrique,Melladew,rmelladew1,ZpCDBQ,F1,965-772-9909,6/27/2021
3,Zora,Putt,zputt2,d5O3Nmxe18L,O1,452-537-9048,1/30/2021
4,Betteanne,Samme,bsamme3,KblCljIqo3,M1,754-835-8995,6/5/2021
5,Danica,Pirrey,dpirrey4,QaTaYBb,F1,364-386-9201,3/4/2021
6,Marya,Wellard,mwellard5,FM2y0DiGoI,F1,867-406-7422,11/16/2020
7,Saunders,Trewman,strewman6,6IlAQeiu,F1,932-883-1240,3/11/2021
8,Armstrong,Gauthorpp,agauthorpp7,3ItMAl3a,M1,238-372-2966,11/22/2020
9,Kenna,Renon,krenon8,om0pZikfqQ,O1,619-949-3397,11/14/2020
10,Miguelita,Lamps,mlamps9,ZUumsjohP,F1,714-678-6535,9/6/2020
11,Griffy,McGooch,gmcgoocha,6AamR4yc2,F1,887-427-1525,8/25/2021
12,Marinna,Patrickson,mpatricksonb,d7uwDlEOJ,M1,580-441-1966,7/31/2021
13,Floris,Castro,fcastroc,lQEHmi,F1,913-726-1259,1/21/2021
14,Kay,Crolly,kcrollyd,p7ctQdPYd,F1,965-227-0625,12/18/2020
15,Burl,Jerwood,bjerwoode,PsdattJS4lXZ,O1,792-111-2951,12/28/2020
16,Dennie,Frary,dfraryf,rbOJ3f8,O1,544-457-5379,10/3/2020
17,Janot,Taunton.,jtauntong,B50wvgFc4nfP,F1,498-842-9878,2/2/2021
18,Hyacintha,Etherington,hetheringtonh,idjnntwBrDT,M1,405-575-4158,10/30/2020
19,Davin,Swait,dswaiti,A6ND0x,O1,732-876-5473,9/5/2020
20,Abbye,Stanex,astanexj,j81MApT1IsH,O1,624-296-2782,6/8/2021
21,Arlena,Gottelier,agottelierk,p7a9RMO2f,O1,466-235-0931,5/2/2021
22,Celestyna,Benz,cbenzl,raga5RFq0saj,M1,801-186-4174,7/4/2021
23,Nye,Yanyushkin,nyanyushkinm,fWxzSqEdjm,F1,806-911-7152,3/25/2021
24,Chev,Dorracott,cdorracottn,1xGr6s,F1,328-824-7595,5/11/2021
25,Feliza,Rider,fridero,ohpTVQfUOQr0,O1,246-579-7955,1/5/2021
26,Thadeus,Swedeland,tswedelandp,DMGstf9PNv,O1,203-209-8487,11/5/2020
27,Eba,Wackett,ewackettq,k388NbpNsLj,F1,396-759-2835,6/7/2021
28,Kippy,Woolsey,kwoolseyr,6uj2BQA,M1,433-882-3436,3/18/2021
29,Ileane,Harriskine,iharriskines,LAYVH1oTtwiu,F1,576-631-1460,11/4/2020
30,Roxanne,Gudgion,rgudgiont,i4KTmr4OqiC,F1,578-112-6589,8/22/2021
31,Stesha,Flatt,sflattu,cV4V5lWC4X,O1,721-124-8078,10/14/2020
32,Trina,Curlis,tcurlisv,6Y1dliXB,M1,908-857-0692,1/10/2021
33,Margette,Dampney,mdampneyw,lBhzru,O1,966-943-4559,7/21/2021
34,Kimmie,Plaice,kplaicex,pOxFqUe,M1,196-982-3484,4/4/2021
35,Amery,Basey,abaseyy,ooP56kei,F1,320-247-3687,5/20/2021
36,Krissie,Bulger,kbulgerz,3SX5V9x,M1,127-879-0607,12/21/2020
37,Dulcy,MacCahey,dmaccahey10,ROQTzVznvg,F1,815-768-7103,2/6/2021
38,Samuele,Betun,sbetun11,d7Pgh4WoyNv,F1,492-566-9073,3/29/2021
39,Abagael,Ciccone,aciccone12,QJdW2o1yC6ZY,M1,388-197-8805,10/8/2020
40,Wald,Stood,wstood13,KuhoG3EZ,M1,489-713-6249,6/22/2021
41,Kerrill,Mayze,kmayze14,lTnUQB,M1,262-637-9659,1/18/2021
42,Wendy,Nias,wnias15,2ipC7zR8Pc4L,M1,104-570-5860,9/1/2020
43,Arlyn,Ferguson,aferguson16,0nRHYyV,M1,687-523-4571,12/2/2020
44,Flo,Staunton,fstaunton17,scaJoU6DbaMD,M1,624-911-7333,4/22/2021
45,Tad,Pobjoy,tpobjoy18,lf0Ycj,O1,865-645-4596,12/23/2020
46,Dun,Sheeres,dsheeres19,bpbiwGEGP12H,O1,300-390-8521,7/7/2021
47,Valera,Rahill,vrahill1a,WIpCaE6zD,O1,655-687-0873,11/29/2020
48,Hortense,Munro,hmunro1b,UJ6N07LS3lG,O1,433-420-0592,4/16/2021
49,Tabina,Woodfield,twoodfield1c,MGOZ8EB9D8,O1,238-990-3208,10/5/2020
50,Gabi,Hardwicke,ghardwicke1d,xT5y7iBXf3Pc,M1,984-545-4744,5/30/2021
51,Xena,Bowland,xbowland1e,2t7qe76W4,F1,119-219-5673,5/8/2021
52,Olivette,Jerzak,ojerzak1f,4kxJafE1OJx,M1,257-142-5506,11/6/2020
53,Denise,Grabeham,dgrabeham1g,HnyOHMTYM,O1,103-231-9442,3/23/2021
54,Shayla,Caraher,scaraher1h,5Ez1VFwLyg3j,O1,463-818-1291,10/28/2020
55,Rosabelle,Counsell,rcounsell1i,9iOuIyIPNudA,F1,103-931-6080,1/26/2021
56,Brandyn,Kipping,bkipping1j,r62stUIdxV,O1,350-482-6449,6/3/2021
57,Harrietta,Woolfall,hwoolfall1k,TcaXkA9V2mEI,F1,131-643-6953,8/7/2021
58,Josepha,Rousel,jrousel1l,DtSQx1T,O1,782-989-4091,1/10/2021
59,Andros,Besnard,abesnard1m,NUU1UguydOk,M1,128-120-2331,5/29/2021
60,Shir,Pilipets,spilipets1n,NZlxrkPok,M1,214-781-5388,7/2/2021
61,Dyann,Dowdle,ddowdle1o,UsIRi0UuYh,O1,986-889-9206,4/4/2021
62,Ulrike,McTrusty,umctrusty1p,YRvuDEEUuT,O1,276-143-9800,8/2/2021
63,Vasilis,Terzza,vterzza1q,luENSDt,F1,336-438-8043,10/5/2020
64,Ariela,Seeman,aseeman1r,yBOqejX,F1,471-100-9696,11/10/2020
65,Neile,Hendricks,nhendricks1s,OOx5Xz2VkW,O1,381-840-0023,12/26/2020
66,Colas,Feldbaum,cfeldbaum1t,5v1jD5AVo,O1,928-108-7653,10/25/2020
67,Benetta,McClunaghan,bmcclunaghan1u,gHu63y,F1,390-466-7286,9/9/2020
68,Gael,Lowless,glowless1v,i2QhuKDeH,O1,666-697-2713,9/3/2020
69,Rayna,Drewe,rdrewe1w,OWDIwjq2Ud2i,O1,777-265-7793,4/9/2021
70,Faith,Petran,fpetran1x,gC0VFAD,O1,307-651-1119,4/15/2021
71,Gay,Webermann,gwebermann1y,26LJHWx0,O1,416-856-1988,12/1/2020
72,Xylia,Arnecke,xarnecke1z,TFaKmmMc,O1,951-619-4908,7/1/2021
73,Shannen,McPike,smcpike20,BJVUIhkCzvZY,O1,952-313-9434,8/14/2021
74,Leonie,Vaneev,lvaneev21,QapTAA,O1,357-209-7103,9/10/2020
75,Nike,Weir,nweir22,8UqvtjDUpG,O1,534-157-1230,2/27/2021
76,Rollo,Mellem,rmellem23,zuVgUINhVtW,O1,304-456-6806,4/27/2021
77,Addie,Byne,abyne24,wdSgG0A,O1,309-926-5646,11/29/2020
78,Drona,Fist,dfist25,yZiAmbk34RYy,O1,861-179-9843,8/13/2021
79,Herb,Minocchi,hminocchi26,uWAcipCcAxog,M1,822-803-2660,7/6/2021
80,Elissa,Littleproud,elittleproud27,ZpcGbs,M1,884-508-9359,9/21/2020
81,Perl,Prise,pprise28,5XJxtmu,O1,929-459-5358,7/27/2021
82,Conrade,MacKellar,cmackellar29,Qj4odhN,F1,652-816-4049,10/3/2020
83,Cissy,Denning,cdenning2a,fln4VPp1gtci,O1,349-637-2052,8/22/2021
84,Bondon,Dedon,bdedon2b,UlMeF2xWa,O1,588-530-7746,9/12/2020
85,Sile,Lawrie,slawrie2c,ZkBGF5q1pn,M1,291-250-2820,12/15/2020
86,Adrienne,Pitcock,apitcock2d,y55IuC1Z,O1,729-326-8206,1/22/2021
87,Guglielma,Barth,gbarth2e,VwnpbplfvrNJ,F1,403-635-0405,10/7/2020
88,Francine,Mullane,fmullane2f,baQ3673V5V,O1,341-144-4830,1/17/2021
89,Adelice,Blackboro,ablackboro2g,j0aHOM,M1,544-471-2370,7/14/2021
90,Del,Hollow,dhollow2h,TNTOIxG,O1,701-573-7650,4/24/2021
91,Huey,Amphlett,hamphlett2i,aAUf9jH8tm8,F1,716-569-1801,12/2/2020
92,Prissie,Amburgy,pamburgy2j,grljTpOlCO,O1,301-345-8032,5/11/2021
93,Tiffani,Normanell,tnormanell2k,25feEJ6w,M1,930-967-3760,9/16/2020
94,Petronia,Gunderson,pgunderson2l,26J4rmF3pu,F1,568-880-8180,11/18/2020
95,Prudi,Mainson,pmainson2m,jsOCn7,F1,328-401-0899,11/13/2020
96,Averyl,Hub,ahub2n,kB9uxRdc,O1,283-895-3149,8/5/2021
97,Ellary,Biever,ebiever2o,fYMlPIr99wXH,M1,934-649-9667,10/1/2020
98,Caldwell,Syddon,csyddon2p,M04NR3YK,M1,865-573-8225,7/21/2021
99,Andreana,O'Gleasane,aogleasane2q,AM4UPqU0v,O1,548-521-7798,6/27/2021
100,Phoebe,Engledow,pengledow2r,9XyJQYB,M1,881-798-1281,3/2/2021
101,Lorelei,Teale,lteale2s,8jXeTAv3fky4,F1,502-777-8349,6/27/2021
102,Mohandis,Glaum,mglaum2t,akUxKuI0ZsC,M1,548-296-6958,12/9/2020
103,Filia,Reese,freese2u,Dg8c0VAS,F1,248-804-9856,7/28/2021
104,Darci,Walklot,dwalklot2v,9yBWbnmug,M1,353-228-9880,12/30/2020
105,Richart,Shoebotham,rshoebotham2w,TLeqmqrKE,O1,991-530-1264,8/14/2021
106,Garrard,Issitt,gissitt2x,sl7YJAA9u,F1,965-634-0615,8/1/2021
107,Turner,Chapiro,tchapiro2y,2s0z0IqCGLj,F1,225-923-7944,11/26/2020
108,Murray,Swinney,mswinney2z,qtDLUgRPGWyW,F1,444-160-5526,11/3/2020
109,Tamas,Chatwood,tchatwood30,lQjCj7,M1,284-505-5686,5/6/2021
110,Jeffie,Greneham,jgreneham31,Y0gcTpwuPAjG,O1,836-775-4211,4/23/2021
111,Carmelia,Glide,cglide32,wPze43EFOyFF,O1,821-144-1002,11/3/2020
112,Jecho,Meffin,jmeffin33,qwxPaJ,O1,661-629-4681,2/6/2021
113,Berry,Mackneis,bmackneis34,eQRCbBg8,M1,225-954-1875,1/17/2021
114,Honey,Camosso,hcamosso35,o9Vu0zW,M1,498-744-1651,7/9/2021
115,Arabela,Bodicum,abodicum36,UREPaqWE,M1,895-147-7642,8/15/2021
116,Dena,Mullender,dmullender37,QXuApc,O1,730-321-8485,9/5/2020
117,Keane,Ledger,kledger38,lDbbovNXui,M1,385-623-2977,8/18/2021
118,Sal,Pirouet,spirouet39,0nVeaPBxjD2,O1,571-331-8237,5/2/2021
119,Cris,Leggin,cleggin3a,9aQBPJkf,M1,127-270-7413,3/22/2021
120,Yurik,Giddons,ygiddons3b,rty3Oe,M1,896-645-1058,11/14/2020
121,Kim,Rene,krene3c,eBkqQ9x3,F1,160-739-2303,7/21/2021
122,Tommy,Inglesent,tinglesent3d,lXnMPWcHeh6X,M1,840-462-5805,6/29/2021
123,Cointon,Mournian,cmournian3e,DIo3Naz4HLcG,F1,551-388-9148,3/4/2021
124,Way,Sammut,wsammut3f,iuL79dmkC,O1,867-982-8893,1/9/2021
125,Jarvis,Mapston,jmapston3g,VBIHzduf55,F1,623-723-8940,2/27/2021
126,Byran,Elwel,belwel3h,3nVpY7MbONj1,O1,506-456-8483,6/18/2021
127,Barbey,McMonies,bmcmonies3i,hpHzNQ,F1,633-248-8436,2/18/2021
128,Shawnee,Furmage,sfurmage3j,UX7Qwsk,M1,757-191-3311,11/7/2020
129,Allin,Marden,amarden3k,OyH2Gn,O1,402-281-1762,12/14/2020
130,Duncan,Yearby,dyearby3l,XAlWYiQ,M1,188-923-5177,9/6/2020
131,Jilly,Crinage,jcrinage3m,1dmRaOwCrmE,O1,493-800-8886,7/4/2021
132,Mabelle,Blind,mblind3n,WazECIgSWU,O1,385-198-8055,2/19/2021
133,Manya,Overy,movery3o,wBkdY8TTGzvh,M1,341-855-0264,3/20/2021
134,Sherlock,Fermoy,sfermoy3p,CruNNbzRogE,O1,834-735-9705,3/4/2021
135,Skylar,Reneke,sreneke3q,QMJXfNtm,O1,139-548-1958,8/22/2021
136,Hermie,Yukhin,hyukhin3r,FBLbOtT,O1,818-557-7883,2/19/2021
137,Brit,Malyj,bmalyj3s,zs1TCc2nEy,F1,731-416-4958,1/30/2021
138,York,Kabisch,ykabisch3t,iYjw3GM09K,F1,369-620-1508,11/18/2020
139,Joly,Wilcott,jwilcott3u,TiNtwset,F1,352-545-7247,8/13/2021
140,Clea,Stuttman,cstuttman3v,XidOjJ76w,O1,853-744-9707,7/27/2021
141,Yancy,Glanz,yglanz3w,NxmujzR2,F1,165-568-0755,3/31/2021
142,Matilde,Elnough,melnough3x,HUwuKU4J,O1,106-179-4314,3/6/2021
143,Jayme,Shepstone,jshepstone3y,qBMWhQZ,O1,847-942-5006,7/13/2021
144,Arri,Perfitt,aperfitt3z,9GjmfQN7M,O1,581-779-2194,8/23/2021
145,Richmond,Grisenthwaite,rgrisenthwaite40,nE8crQ5,O1,351-634-1154,2/10/2021
146,Kimbra,Saundercock,ksaundercock41,6bV9EzJG2cO,F1,771-485-8612,10/1/2020
147,Ring,Tweed,rtweed42,XA3lOQSI,O1,487-981-5274,9/21/2020
148,Abbot,Van Oort,avanoort43,CmSe3f2tsMWN,M1,467-303-5492,5/28/2021
149,Kristan,Sergeaunt,ksergeaunt44,mRkq83uE0auV,O1,237-408-2062,8/8/2021
150,Florida,Kahn,fkahn45,4ZqHBIeD,O1,997-822-9995,11/13/2020
151,Adara,Cocksedge,acocksedge46,upnIOVXMBHri,O1,817-603-0064,9/3/2020
152,Eyde,Davio,edavio47,geynwUsA,F1,632-391-3255,3/25/2021
153,Jeanine,Shingler,jshingler48,oaX9srs1NpH,O1,277-404-4190,12/25/2020
154,Samantha,Smithend,ssmithend49,pe3lic,O1,985-926-7047,4/22/2021
155,Hannis,Bearn,hbearn4a,SOQo3wfYHAEA,O1,189-659-2820,2/26/2021
156,Ora,Aish,oaish4b,TxwS20mzGsZa,F1,567-186-9889,11/25/2020
157,Tadd,Stellin,tstellin4c,M709oDC1IGZL,M1,607-716-1233,3/20/2021
158,Germaine,Sparhawk,gsparhawk4d,0cNBgIh,F1,394-400-4961,1/20/2021
159,Lyssa,Gripton,lgripton4e,a0U5M7ie1D,M1,490-693-5547,12/12/2020
160,Aleda,Fishenden,afishenden4f,hbDvzVz3,F1,675-664-8949,9/20/2020
161,Jefferson,Biglin,jbiglin4g,6eJXKw0xkeT2,M1,678-155-8097,10/22/2020
162,Jere,Kliemchen,jkliemchen4h,yR2XBdIOH,O1,402-350-8836,8/4/2021
163,Ninette,Lismore,nlismore4i,D1rHnDC9QfQQ,F1,502-381-7826,8/27/2021
164,Lamont,Soutar,lsoutar4j,A6jCp5ft9er,O1,224-268-7193,6/6/2021
165,Bobbye,Harden,bharden4k,SzmaDWXCI1,O1,440-836-9901,6/14/2021
166,Nike,Lunny,nlunny4l,tEW1WO,F1,764-684-8397,4/18/2021
167,Yancy,Cornewall,ycornewall4m,qdzuO8GA,O1,833-379-6045,3/20/2021
168,Christie,Ives,cives4n,3GAdfDzi,M1,309-400-0881,5/26/2021
169,Karim,Leale,kleale4o,35moOtFY4IE,M1,996-131-9064,8/14/2021
170,Rafaela,Sollom,rsollom4p,hpvRtim,O1,520-561-7702,6/13/2021
171,Flor,Gutans,fgutans4q,KGE23ZQmd,F1,529-693-7798,2/28/2021
172,Kenton,Clifford,kclifford4r,MCJb7Pjh,O1,605-485-7042,2/16/2021
173,Huntington,Bitchener,hbitchener4s,xuQlvtEt,F1,274-487-7559,5/4/2021
174,Juana,Shovel,jshovel4t,rANcBy2J9,O1,554-739-4352,8/6/2021
175,Kermit,Heino,kheino4u,sNVTyAGzF,O1,905-381-2535,6/30/2021
176,Gauthier,Aggiss,gaggiss4v,E940GY,O1,981-669-8778,7/22/2021
177,Kippie,Martensen,kmartensen4w,LWD19vQ,O1,471-260-6510,11/17/2020
178,Ernestine,Gain,egain4x,qbGBAS2,O1,679-516-0286,2/12/2021
179,Iosep,Embury,iembury4y,ks5OEVjSpqf,O1,204-990-1549,2/18/2021
180,Jillian,Brunton,jbrunton4z,Utobm0bYqv4K,O1,919-892-5506,1/12/2021
181,Stanislaus,Norcop,snorcop50,oubZ3Ttm,O1,741-426-9156,1/1/2021
182,Marcile,Villiers,mvilliers51,WnQq0Zyj,O1,659-635-8729,5/5/2021
183,Nettle,Shildrake,nshildrake52,QBagkmF,O1,231-144-0066,8/8/2021
184,Martie,Gummory,mgummory53,D53KaThkM3,O1,387-714-4921,4/22/2021
185,Joeann,O'Glassane,joglassane54,4cTwdzk9vk,F1,340-954-0348,6/25/2021
186,Nichol,Briars,nbriars55,3o5g5Z08,F1,384-504-4074,3/20/2021
187,Doloritas,Provest,dprovest56,RL5wyP0WOn,O1,538-498-6946,12/1/2020
188,Angelia,Wyld,awyld57,c7tJxVHSz,O1,150-269-5242,10/23/2020
189,Maddalena,O'Cassidy,mocassidy58,iJ8b1q,M1,545-505-8392,10/29/2020
190,Harlen,Kenderdine,hkenderdine59,e7TJnn0zzuW,F1,134-950-7490,12/21/2020
191,Collin,Book,cbook5a,MdDeYr,O1,343-671-8184,12/14/2020
192,Meta,Mosconi,mmosconi5b,kS5nZy1RtmZy,M1,421-422-0392,1/5/2021
193,Jeromy,Duiguid,jduiguid5c,YaaLWODRZjY,F1,282-556-8591,5/2/2021
194,Avivah,Sentinella,asentinella5d,7OPNbPaxBiS,O1,768-448-8358,9/25/2020
195,Darill,Bilsland,dbilsland5e,wrM8lW,M1,465-922-3630,9/7/2020
196,Marietta,Eakle,meakle5f,E7Kh9HtLnQDs,M1,829-634-0247,7/13/2021
197,Leeann,Deverille,ldeverille5g,PADgoP,O1,858-562-4531,9/2/2020
198,Freddy,Edlin,fedlin5h,3eRdiwD,O1,721-314-8552,1/13/2021
199,Almire,Bushby,abushby5i,dybKtVc,F1,288-314-3749,4/8/2021
200,Alfy,Sailes,asailes5j,AwNV5uKUET,O1,838-153-9492,1/8/2021
201,Bathsheba,Aizikovitch,baizikovitch5k,t4Q5B7owzz,O1,913-684-7594,1/27/2021
202,Violante,Duns,vduns5l,BAMWByvO9ZOJ,M1,498-614-8074,9/6/2020
203,Ferrell,Moorrud,fmoorrud5m,btNfJrwb,O1,276-371-8110,7/24/2021
204,Danni,Ibbotson,dibbotson5n,ChPrI4DfIh,F1,709-176-2958,11/13/2020
205,Wendall,Thiese,wthiese5o,vZz6VQTQM,M1,265-328-1049,1/23/2021
206,Piper,Nann,pnann5p,QRv3ihwo,O1,903-471-0936,7/11/2021
207,Bobina,McLaren,bmclaren5q,vziOu7qa,F1,435-335-3893,4/24/2021
208,Therine,Bushel,tbushel5r,G3tQZQ,M1,415-517-7793,4/9/2021
209,Orsa,Oliff,ooliff5s,IC4zV3dlM,O1,713-536-5904,11/14/2020
210,Justina,Folks,jfolks5t,xrbSopJr,O1,932-414-0025,8/6/2021
211,Madelle,Dax,mdax5u,W8PUSeLO197,O1,595-263-6547,7/18/2021
212,Jinny,Ferreli,jferreli5v,CUM2MYtyi,O1,200-561-8537,4/27/2021
213,Lesly,Shufflebotham,lshufflebotham5w,8i4ARA1nkf,M1,558-390-9449,6/13/2021
214,Lanae,Medley,lmedley5x,nW1GUG,O1,491-954-3698,7/2/2021
215,Tabby,Fedoronko,tfedoronko5y,EfTds7D,F1,853-245-0198,11/17/2020
216,Kory,Dyne,kdyne5z,8xFP4pk,O1,417-100-9995,9/12/2020
217,Delores,Manuel,dmanuel60,WVOei3Qp,O1,827-405-2492,9/16/2020
218,Mickie,Read,mread61,3l0tVfI,O1,801-885-9817,5/19/2021
219,Roselia,Jekel,rjekel62,6mMswaD7J,F1,326-538-7308,9/22/2020
220,Alexi,Crossland,acrossland63,JdkmJv1lfK,O1,821-205-8852,9/8/2020
221,Judas,Chesnay,jchesnay64,OYFRxQHL,O1,171-860-3880,5/24/2021
222,Ginny,Geere,ggeere65,QMtj5ZJiL,O1,970-644-8885,4/21/2021
223,Bill,Fontell,bfontell66,JupTZA1,F1,204-173-7341,5/30/2021
224,Arte,Matthisson,amatthisson67,iJ0sNha,O1,322-420-1671,3/5/2021
225,Poul,Bohlens,pbohlens68,tHjJvzvH,O1,582-677-5380,2/27/2021
226,Valera,Balaison,vbalaison69,TXea9d7VA0pL,O1,201-985-2758,12/8/2020
227,Teresita,Rubinsaft,trubinsaft6a,NO0CWwgYV1,F1,131-740-8777,4/29/2021
228,Adelbert,Bigadike,abigadike6b,krthFlD,O1,726-403-1725,12/22/2020
229,Patrica,Lippitt,plippitt6c,afNSVl,M1,458-550-2188,12/11/2020
230,Lisetta,Corde,lcorde6d,CFI2bDt,O1,465-256-8544,12/29/2020
231,Art,Scimone,ascimone6e,k3FaPqhXJ,O1,272-634-4311,5/23/2021
232,Mitchell,Nelthorp,mnelthorp6f,uDYfyI,O1,453-750-7996,4/5/2021
233,Waylin,Nerne,wnerne6g,MIqrZ7B2,F1,297-666-4325,4/4/2021
234,Kelby,MacCahey,kmaccahey6h,7xRhuWm,F1,531-223-9901,5/27/2021
235,Jacques,Ogborne,jogborne6i,DW1COtpi,M1,108-272-6569,1/22/2021
236,Juliana,Androlli,jandrolli6j,EyYaRXr,M1,577-194-1340,9/19/2020
237,Doralynne,Statter,dstatter6k,EewABtNosjH,M1,317-450-9428,10/31/2020
238,Jard,Dark,jdark6l,cO90QjkKs,O1,121-977-8326,5/3/2021
239,Kippie,Yter,kyter6m,RjHSc5RgPhGC,F1,155-146-3162,1/16/2021
240,Alfie,Marsie,amarsie6n,rdePOwyL,F1,942-853-7030,4/11/2021
241,Magdalene,Milella,mmilella6o,aVScVf3t,O1,271-141-2302,8/26/2021
242,Juanita,Harm,jharm6p,zkhh6P1s6r0,M1,401-582-0644,12/1/2020
243,Ruthi,Farmer,rfarmer6q,24ls1Bpp,M1,609-303-2008,6/13/2021
244,Daryle,Howkins,dhowkins6r,jCbMy6N82,O1,836-383-2799,12/31/2020
245,Karney,Pennicott,kpennicott6s,aSuhqRp,M1,919-348-1643,12/20/2020
246,Lorrie,Gauld,lgauld6t,Sn7HtM,O1,775-683-2554,5/2/2021
247,Hill,Vautre,hvautre6u,Xr6qosbRwez,M1,318-396-0952,9/21/2020
248,Gregoor,Alvares,galvares6v,0NF82h1Uj,O1,662-319-3891,3/11/2021
249,Lovell,Kibel,lkibel6w,U4oAPCoASlq,F1,732-606-7142,7/31/2021
250,Leo,Boxell,lboxell6x,kDP6bY,M1,385-856-8743,5/31/2021
251,Agnes,Jantzen,ajantzen6y,If41fB,O1,145-113-8810,12/9/2020
252,Webster,Swinburne,wswinburne6z,C2t6uKEoy7,M1,281-829-6379,5/26/2021
253,Madelin,Mabee,mmabee70,FVJQlmcJ,M1,836-338-1056,9/30/2020
254,Reidar,Lindenbluth,rlindenbluth71,DFk8AMbGcbGA,O1,182-990-7923,10/29/2020
255,Kelcey,Pinckstone,kpinckstone72,K0LfXaGxw2W,F1,560-786-6599,7/14/2021
256,Franz,Bonnyson,fbonnyson73,IpYODkn,M1,721-927-1356,10/29/2020
257,Rena,Copnell,rcopnell74,TCjUwb,O1,829-241-3469,1/17/2021
258,Zorah,Dudley,zdudley75,xj44ZoI0p,O1,921-759-6163,7/23/2021
259,Fawn,Rosario,frosario76,76FqqUcqw,O1,993-863-6417,2/24/2021
260,Hewitt,De Paepe,hdepaepe77,8kT1y0Q,O1,480-660-8035,10/10/2020
261,Octavius,Trowl,otrowl78,CynsTa,F1,562-557-1658,9/9/2020
262,Teressa,Purves,tpurves79,N3ZT5xo3,O1,389-276-1515,3/2/2021
263,Coleen,Elbourne,celbourne7a,JKhmy9Ur,O1,643-780-3690,4/30/2021
264,Marge,Bernini,mbernini7b,bMRRzKb,O1,671-688-2535,7/2/2021
265,Rowen,Kitchingham,rkitchingham7c,u9XgZR,F1,911-243-4831,7/12/2021
266,Max,Thewles,mthewles7d,KbKtvskFPuR,O1,716-530-8811,6/11/2021
267,Sebastiano,Gossage,sgossage7e,HRJNar0w7,O1,129-133-4006,4/7/2021
268,Felecia,Drewery,fdrewery7f,uWiVnHWP,O1,763-636-2947,6/15/2021
269,Selene,Curtain,scurtain7g,vTwqJZuBOG,O1,967-981-9951,6/20/2021
270,Wylie,Cathel,wcathel7h,JWHIuDqP91,M1,926-407-2483,11/25/2020
271,Filmer,Bims,fbims7i,G1dsqvJTEUT,F1,968-854-6449,10/5/2020
272,Ardella,Soldan,asoldan7j,MnCB2P,O1,718-413-2563,5/18/2021
273,Deanne,Tinson,dtinson7k,apPXwXleEPb,O1,884-423-2493,11/9/2020
274,Israel,Maykin,imaykin7l,MtKxjXQSZ,M1,865-115-5201,11/6/2020
275,Melinde,Tranckle,mtranckle7m,YA7BszsP,F1,754-506-8633,12/8/2020
276,Bernette,Trebilcock,btrebilcock7n,DY0eHsG,F1,714-252-5490,5/9/2021
277,Sandro,Radeliffe,sradeliffe7o,V7LYus,F1,330-230-3431,6/19/2021
278,Carie,O'Noland,conoland7p,DCti4av,M1,938-197-4282,5/23/2021
279,Amalia,Matteini,amatteini7q,zqk7aZzLpqJH,M1,637-727-5230,10/16/2020
280,Pamelina,McCarl,pmccarl7r,3RIzx9,M1,670-798-8052,4/8/2021
281,Zach,Castellanos,zcastellanos7s,3RNy7TNCKHE1,O1,160-560-3408,7/26/2021
282,Burch,Struis,bstruis7t,0KewzsV2u1OR,O1,130-890-3840,10/23/2020
283,Rufe,O' Timony,rotimony7u,ds8huCqUj1L,O1,462-623-6078,9/26/2020
284,Tyson,Beels,tbeels7v,6F17APhXk,O1,724-822-5354,12/28/2020
285,Hillier,Gresswood,hgresswood7w,4OeIWuJPM,O1,986-967-5808,1/5/2021
286,Henrik,Courtney,hcourtney7x,e0P50MFS,O1,411-763-7403,1/1/2021
287,Annabel,Stone Fewings,astonefewings7y,6dPIWy,O1,454-837-1053,3/3/2021
288,Gunner,Bagger,gbagger7z,zJ5TYJ2I2d,M1,333-735-3994,8/10/2021
289,Sharlene,Nevitt,snevitt80,WyVez4,F1,432-558-4050,2/20/2021
290,Nickie,Friend,nfriend81,DRSg0V,F1,816-446-2580,2/26/2021
291,Drew,Mateu,dmateu82,2hP9h5y7t9f,O1,132-300-8881,4/7/2021
292,Gena,Dyet,gdyet83,mpxl6ta2,F1,457-569-2866,10/5/2020
293,Way,Tunnacliffe,wtunnacliffe84,jIxW1bhfm,O1,281-838-0441,5/27/2021
294,Jaynell,McLise,jmclise85,QVZF2SaT,M1,463-835-6185,7/25/2021
295,Kevan,Shinner,kshinner86,x1YbW5pktvK,F1,471-575-1841,12/16/2020
296,Lottie,Bittany,lbittany87,QQEBcVj5K5E,O1,548-824-1548,5/13/2021
297,Alexi,Attwater,aattwater88,PX7HTLLWWTxh,O1,268-101-2413,11/29/2020
298,Hamel,Morl,hmorl89,vlarSEWg,O1,402-782-2734,2/13/2021
299,Wood,Zaczek,wzaczek8a,LpvJuDUv,O1,820-576-3114,8/14/2021
300,Uriel,Meagher,umeagher8b,U64ymfwmqE,M1,621-422-7845,4/19/2021
